AGE	GENDER	GROUP_SIZE_CAT	AGE_T1	AGE_T2	BMI_T1	WEIGHT_T1	HIP_T1	WAIST_T1	HEIGHT_T1	BMI_T2	WEIGHT_T2	HIP_T2	WAIST_T2	HEIGHT_T2	EDUCATION_LOWER_T1	EDUCATION_LOWER_T2	WORK_T1	WORK_T2	LOW_QUALITY_OF_LIFE_T1	LOW_QUALITY_OF_LIFE_T2	DBP_T1	DBP_T2	HBF_T1	HBF_T2	MAP_T1	MAP_T2	SBP_T1	SBP_T2	HTN_MED_T1	CHO_T1	GLU_T1	CHO_T2	GLU_T2	RESPIRATORY_DISEASE_T1	PACKYEARS	SMOKING	METABOLIC_DISORDER_T1	METABOLIC_DISORDER_T2	LLDS	Quintile_LLDS	MWK_VAL	SCOR_VAL	MWK_NO_VAL	SCOR_NO_VAL	PREGNANCIES	OSTEOARTHRITIS_T1	SLEEP_QUALITY	DIAG_CFS_CDC	DIAG_FIBROMYALGIA_ACR	DIAG_IBS_ROME3	C_SUM_T1	A_SUM_T1	SC_SUM_T1	I_SUM_T1	E_SUM_T1	SD_SUM_T1	V_SUM_T1	D_SUM_T1	LTE_SUM_T1	LDI_SUM_T1	LTE_SUM_T2	LDI_SUM_T2	NSES_YEAR	NSES	MENTAL_DISORDER_T1	MENTAL_DISORDER_T2
25	1	2	17,15	20,00	21,53	72,20	89,85	78,03	182,96	22,74	77,54	92,94	81,40	184,60	57,03	21,65	15,20	61,86	7,03	2,08	62,05	65,51	71,48	71,33	84,41	88,54	118,00	125,35	0,00	3,80	4,70	4,00	4,75	16,41	0,29	22,81	0,36	1,09	17,25	1,59	433,02	2647,04	433,02	2647,04	 	0,00	 	0,00	1,47	2,99	29,28	18,53	19,25	22,70	27,28	26,43	17,85	26,57	0,97	2,23	0,57	2,30	2010,00	-0,67	0,33	1,07
25	2	4	17,20	19,96	22,27	64,91	91,80	75,34	170,67	23,14	67,64	95,72	76,91	170,93	53,23	11,96	18,50	71,20	9,36	9,78	65,06	66,08	73,55	72,36	84,43	86,38	114,26	118,43	0,00	4,23	4,66	4,24	4,55	13,43	0,34	19,68	1,14	1,14	19,47	2,06	361,67	2066,36	361,67	2066,36	0,00	0,00	 	1,41	6,34	11,27	28,25	19,58	20,91	23,33	26,44	27,01	20,21	26,35	1,01	3,30	0,66	3,37	2010,00	-0,67	1,40	1,87
26	1	3	17,89	21,06	22,15	74,92	91,49	79,89	183,78	23,16	79,90	94,79	83,14	185,60	46,94	5,41	18,83	78,38	1,65	4,50	63,69	65,98	71,45	69,39	85,82	88,75	120,23	125,79	0,73	3,94	4,73	4,05	4,66	14,40	0,42	24,41	0,00	0,34	17,70	1,71	543,63	3177,07	468,06	2799,21	 	0,00	 	0,00	0,00	4,23	29,41	18,50	19,33	22,63	26,96	26,70	17,96	26,16	1,00	2,32	0,51	2,46	2010,00	-0,66	0,41	2,11
26	2	5	18,08	21,07	22,57	65,84	92,87	76,39	170,78	23,22	67,81	94,99	76,51	170,93	42,86	7,42	16,80	74,71	8,61	9,30	65,37	66,18	74,94	71,95	84,39	86,09	114,18	117,08	0,37	4,40	4,53	4,31	4,50	14,52	0,29	19,81	0,00	0,19	19,57	2,05	397,15	2267,23	336,46	1963,82	0,00	0,00	 	3,81	7,73	13,33	28,62	19,48	21,42	23,99	25,79	26,95	20,49	26,63	1,12	3,43	0,81	3,72	2010,00	-0,69	1,60	3,20
27	1	3	18,74	21,84	22,57	75,66	92,13	80,82	182,94	23,19	78,56	94,28	82,91	183,83	37,11	7,75	19,93	73,64	5,52	5,43	64,04	66,94	70,97	68,19	86,32	89,83	121,34	127,41	1,32	3,91	4,75	4,06	4,71	19,72	0,43	24,41	0,34	0,34	17,65	1,60	617,32	3548,63	418,27	2553,39	 	0,00	 	1,08	2,17	2,15	29,10	18,56	19,18	23,26	27,46	26,81	18,38	26,37	1,03	2,51	0,79	2,41	2010,00	-0,86	1,11	1,76
27	2	6	18,70	21,84	23,02	67,25	93,49	77,68	170,95	23,23	68,44	96,05	77,27	171,59	36,82	3,79	17,58	74,23	9,51	8,56	65,52	66,27	75,65	72,10	84,67	86,12	114,67	117,42	0,16	4,37	4,54	4,35	4,51	13,77	0,37	22,02	0,00	0,17	20,39	2,24	448,12	2501,74	328,23	1902,28	0,01	0,00	 	2,02	5,71	9,72	28,76	19,53	21,23	23,98	25,82	26,98	20,39	26,61	1,25	3,57	0,83	3,62	2010,00	-0,79	1,82	3,66
28	1	3	19,47	22,80	22,94	77,45	92,91	82,28	183,71	23,75	80,43	94,80	84,52	184,04	31,10	6,25	26,35	78,91	6,47	8,59	65,13	67,31	71,90	69,98	87,11	89,87	121,83	126,47	0,29	4,04	4,78	4,20	4,71	13,31	0,57	27,97	0,61	0,61	18,06	1,70	628,63	3575,85	425,49	2560,18	 	0,29	 	2,30	1,15	1,14	29,39	18,95	18,88	23,46	27,88	27,24	17,88	26,35	1,27	2,82	0,65	2,81	2010,00	-0,92	1,09	3,11
28	2	6	19,55	22,85	23,35	67,91	93,93	78,79	170,46	23,84	69,40	96,60	78,56	170,61	23,21	4,70	20,66	82,45	11,36	10,03	66,02	67,41	76,33	72,27	85,04	87,32	115,11	118,79	0,00	4,43	4,55	4,33	4,54	14,29	0,60	26,27	0,16	0,47	20,35	2,19	451,64	2465,24	320,84	1811,26	0,02	0,15	 	0,75	6,08	10,19	28,51	19,75	21,10	24,05	25,50	27,03	20,33	26,58	1,14	3,50	0,74	3,10	2010,00	-0,92	2,01	2,37
29	1	3	20,47	23,75	23,10	78,00	93,39	82,57	183,63	23,71	79,89	95,40	84,20	183,35	18,93	5,19	30,96	80,74	4,04	6,67	65,24	67,66	71,46	68,39	87,34	89,64	122,28	125,72	0,54	4,13	4,80	4,31	4,86	14,59	0,78	26,44	0,29	0,57	18,75	1,85	658,43	3757,05	399,84	2464,08	 	0,80	 	0,00	1,03	4,12	29,38	18,80	19,18	23,41	27,53	27,52	18,09	26,73	1,16	2,97	0,81	2,54	2009,77	-0,83	1,16	1,77
29	2	7	20,43	23,82	23,19	67,41	93,51	78,16	170,47	23,56	68,62	96,25	77,88	170,61	14,83	3,22	27,47	84,21	10,94	9,36	66,54	67,55	75,03	72,48	85,23	86,69	115,14	116,87	0,41	4,41	4,55	4,28	4,55	12,07	0,63	24,67	0,00	0,00	20,33	2,22	503,77	2752,18	323,80	1852,33	0,04	0,14	100,00	1,00	5,39	14,00	28,73	19,55	21,23	24,18	25,41	27,53	20,14	26,81	1,15	3,58	0,83	3,65	2009,83	-0,97	1,83	3,77
30	1	3	21,27	24,89	23,37	79,06	94,26	83,34	183,77	23,92	81,67	95,83	85,36	184,62	13,95	6,92	34,99	86,16	5,28	8,13	66,10	68,64	71,78	69,29	88,31	90,80	124,03	127,14	1,05	4,20	4,74	4,30	4,79	14,85	1,02	29,24	0,00	0,00	18,23	1,76	613,25	3526,14	355,74	2238,59	 	1,32	0,00	0,00	1,69	4,20	29,21	18,98	19,26	23,55	27,12	27,43	17,87	26,28	1,22	3,15	0,76	2,94	2009,52	-0,82	1,04	2,71
30	2	8	21,29	24,70	23,77	69,41	95,22	79,36	170,88	24,06	70,71	97,14	79,37	171,36	12,14	4,68	39,28	87,09	9,07	9,62	67,58	67,83	75,74	71,98	86,20	87,16	116,00	118,03	0,74	4,43	4,58	4,38	4,59	15,57	0,91	26,29	0,26	0,39	20,54	2,27	553,72	2961,76	308,88	1737,59	0,04	0,37	57,14	1,65	5,65	10,56	28,93	19,73	21,24	24,52	25,31	27,60	19,96	26,84	1,27	3,77	0,88	3,52	2009,70	-1,00	2,13	3,07
31	1	4	22,29	25,73	23,56	79,69	93,55	84,22	183,95	24,10	81,44	95,55	85,94	183,76	12,75	7,98	42,28	92,07	5,15	6,71	67,19	69,15	71,64	68,08	88,93	90,51	124,20	125,95	0,73	4,24	4,83	4,27	4,87	12,29	1,11	28,23	1,26	1,01	18,86	1,87	659,02	3728,97	361,41	2240,88	 	0,00	0,00	0,00	1,43	2,13	29,51	18,88	19,26	23,41	27,24	27,59	18,00	26,59	1,17	2,76	0,64	2,71	2009,70	-1,06	1,04	1,96
31	2	8	22,31	25,71	23,71	69,25	94,61	79,52	170,83	23,94	69,85	96,98	78,98	170,81	6,98	4,45	45,08	86,68	7,87	6,77	67,01	67,12	74,54	71,23	85,78	86,65	115,84	117,55	1,00	4,43	4,58	4,33	4,61	14,38	1,00	23,22	0,00	0,26	21,85	2,54	476,97	2579,82	287,14	1630,67	0,10	0,25	33,33	2,37	8,61	10,62	29,06	19,22	21,41	24,25	24,83	28,15	19,86	27,35	1,18	3,73	0,85	3,21	2009,73	-0,98	2,60	3,18
32	1	4	23,37	26,90	24,23	82,23	95,52	86,21	184,20	24,80	84,19	97,22	88,11	184,21	13,38	5,23	53,42	93,06	5,37	6,94	68,06	70,58	72,20	68,58	89,92	92,25	126,09	128,65	0,97	4,31	4,82	4,49	4,81	14,71	1,65	36,51	0,25	0,25	19,23	1,95	644,32	3544,23	321,64	1930,82	 	0,00	25,00	2,76	2,07	2,07	29,69	18,70	19,35	23,70	26,97	27,62	17,61	26,76	1,19	3,00	0,79	2,78	2009,67	-0,95	1,55	1,98
32	2	8	23,19	26,78	23,86	69,78	95,38	79,91	170,98	24,24	70,88	98,18	79,96	170,93	6,43	2,91	55,56	92,38	7,04	8,07	68,00	67,45	75,47	71,22	86,50	86,55	116,21	116,87	1,02	4,49	4,59	4,35	4,56	12,23	1,03	23,22	0,12	0,23	22,22	2,61	509,59	2744,29	288,85	1640,57	0,14	0,23	19,05	2,31	5,80	8,93	29,32	18,97	21,17	24,19	24,83	28,18	19,66	27,23	1,12	3,66	0,78	3,26	2009,70	-0,99	2,07	2,63
33	1	6	24,49	27,83	24,31	82,33	95,72	86,44	183,97	24,58	83,74	96,95	87,56	184,53	8,70	4,07	62,66	92,25	6,29	3,32	68,71	70,69	70,77	67,01	90,26	91,82	126,15	127,16	1,13	4,42	4,82	4,53	4,80	10,84	1,60	30,18	0,00	0,33	19,85	2,05	577,66	3284,53	359,65	2194,49	 	0,64	32,65	1,38	1,39	3,67	30,06	18,49	19,02	23,05	27,03	28,37	17,45	27,24	1,19	2,92	0,72	2,73	2009,72	-0,99	0,97	1,91
33	2	10	24,33	27,75	24,31	70,92	96,61	80,80	170,78	24,57	71,69	98,68	81,02	170,81	5,16	4,64	66,27	91,54	8,44	8,44	67,75	67,90	74,58	70,77	86,42	87,07	116,33	117,58	1,17	4,44	4,60	4,34	4,60	14,10	1,34	24,40	0,20	0,30	22,32	2,62	513,65	2732,52	293,73	1632,90	0,24	0,39	41,73	2,65	8,24	10,85	29,52	18,99	21,00	23,69	24,32	28,51	19,34	27,80	1,19	3,61	0,83	3,07	2009,71	-1,01	1,90	2,83
34	1	7	25,47	28,92	24,68	83,81	96,48	88,02	184,32	25,01	85,42	97,99	89,36	184,80	10,45	9,27	70,68	93,59	5,85	7,03	69,42	70,85	70,52	66,72	90,86	91,95	126,33	127,57	1,53	4,54	4,84	4,63	4,88	10,89	1,86	31,56	0,14	0,29	20,06	2,13	693,08	3812,65	339,86	2046,55	 	0,41	31,48	1,18	2,39	5,49	29,86	18,89	19,40	23,12	26,62	28,50	17,67	27,18	1,13	2,74	0,69	2,42	2009,76	-0,98	1,60	2,07
34	2	12	25,32	28,76	24,33	71,55	96,64	80,93	171,42	24,44	72,26	98,14	80,73	171,91	7,92	6,08	72,74	91,07	9,26	10,36	68,24	67,82	74,50	70,41	86,64	86,55	116,25	116,22	1,22	4,49	4,61	4,34	4,63	12,76	1,57	26,79	0,26	0,69	22,43	2,64	537,97	2884,62	265,92	1524,37	0,32	0,49	45,90	2,57	8,04	10,51	29,50	19,19	21,19	23,92	24,22	28,43	19,33	27,39	1,22	3,59	0,84	3,18	2009,76	-0,96	2,17	3,25
35	1	8	26,33	29,81	24,49	83,12	96,18	87,80	184,22	24,90	84,72	98,20	89,01	184,45	13,01	7,48	77,68	93,65	5,16	5,82	69,71	71,26	70,38	66,51	90,71	92,06	125,73	127,02	0,84	4,59	4,84	4,70	4,85	12,24	2,18	32,58	0,12	0,12	20,03	2,11	711,57	3937,58	311,36	1936,53	 	0,00	31,25	0,34	2,05	4,71	30,13	18,70	19,45	23,08	26,36	28,71	17,50	27,25	1,10	2,81	0,56	2,41	2009,85	-1,01	1,39	2,42
35	2	13	26,16	29,72	24,29	71,16	96,73	81,16	171,19	24,64	72,09	98,84	81,66	171,15	8,24	5,28	74,64	91,71	8,28	11,78	68,31	68,37	73,96	70,86	86,48	87,01	115,86	116,42	1,16	4,44	4,63	4,33	4,65	12,67	1,83	25,75	0,24	0,57	22,92	2,76	519,04	2776,86	259,21	1477,73	0,42	0,46	44,28	4,04	7,27	10,56	29,49	19,21	21,39	23,97	24,17	28,34	19,51	27,46	1,18	3,43	0,77	3,11	2009,79	-1,01	2,13	2,97
36	1	9	27,21	30,75	24,95	84,39	96,51	88,54	183,90	24,93	84,52	97,55	88,90	184,06	13,47	10,79	80,28	95,58	5,08	5,30	70,60	71,90	70,69	66,73	91,69	92,59	127,11	127,77	0,85	4,64	4,87	4,68	4,84	11,37	2,34	30,98	0,11	0,22	20,53	2,22	672,86	3723,89	309,75	1908,34	 	0,84	33,17	1,61	2,71	5,11	30,14	18,60	19,25	22,73	26,44	28,64	17,42	27,65	1,11	2,82	0,59	2,45	2009,83	-0,94	1,32	2,02
36	2	13	27,19	30,73	24,81	72,31	98,06	82,37	170,76	25,13	73,43	99,38	82,77	170,90	8,04	6,27	78,32	89,37	9,30	11,32	68,65	68,00	74,01	70,44	86,97	86,86	116,41	116,44	1,49	4,50	4,65	4,40	4,64	12,60	2,13	27,72	0,39	1,02	23,05	2,76	479,96	2564,39	232,08	1325,00	0,59	0,45	40,17	3,98	6,05	6,80	29,61	19,31	21,40	23,79	24,29	28,31	19,32	27,69	1,19	3,62	0,74	3,15	2009,80	-0,94	2,13	2,92
37	1	10	28,10	31,69	24,92	84,51	96,99	89,12	184,18	25,07	85,39	97,87	89,56	184,58	13,14	8,55	81,42	97,42	4,97	6,40	70,79	72,33	70,17	66,03	91,55	92,64	126,36	127,26	1,07	4,66	4,87	4,72	4,89	10,77	2,86	32,54	0,50	0,60	20,75	2,27	700,68	3808,79	302,42	1817,49	 	1,45	32,08	1,02	3,32	3,55	30,33	18,64	18,97	22,64	26,17	29,15	17,16	27,66	1,05	2,59	0,52	2,52	2009,70	-0,88	1,31	2,37
37	2	13	27,99	31,60	24,63	72,23	97,37	82,50	171,20	24,93	73,12	99,19	82,80	171,22	8,93	7,24	80,67	90,42	9,50	9,93	68,98	68,27	73,99	70,56	87,02	86,97	116,02	116,34	1,60	4,47	4,66	4,31	4,68	12,19	2,49	28,48	0,24	0,97	23,25	2,82	483,50	2574,69	244,02	1377,26	0,71	0,92	45,62	3,25	8,71	7,10	29,57	19,20	21,42	23,34	23,55	28,52	19,37	27,77	1,13	3,55	0,74	3,33	2009,61	-0,81	2,42	3,36
38	1	10	28,94	32,61	25,23	85,76	97,68	90,24	184,32	25,30	86,12	97,89	90,25	184,48	14,37	10,34	85,86	94,92	8,59	7,32	70,98	72,05	71,18	67,93	91,84	92,66	126,91	127,31	0,80	4,76	4,92	4,80	4,91	10,70	3,24	32,95	0,30	0,30	20,87	2,29	645,81	3497,26	272,51	1630,75	 	0,59	34,21	1,33	3,12	3,55	30,31	18,72	19,30	22,63	25,73	29,12	17,29	27,73	1,08	2,79	0,61	2,37	2009,49	-0,84	1,33	2,01
38	2	14	28,88	32,58	24,68	72,15	97,74	82,57	171,03	24,81	72,59	99,33	82,29	171,04	10,24	9,01	82,53	89,96	9,61	12,92	68,63	68,54	74,07	70,40	86,78	87,10	115,85	116,46	1,33	4,50	4,67	4,40	4,70	11,41	2,52	24,98	0,37	0,82	23,41	2,87	457,30	2432,77	238,63	1339,38	0,88	0,56	38,51	3,14	8,06	9,03	29,70	19,09	21,05	23,20	23,38	28,53	19,13	27,79	1,11	3,47	0,80	3,03	2009,52	-0,83	2,30	3,10
39	1	11	29,89	33,58	25,23	85,48	97,77	90,53	183,99	25,42	86,41	98,23	91,00	184,33	16,07	10,71	88,67	94,37	6,42	7,14	71,90	73,13	70,97	67,65	92,57	93,49	127,32	127,93	1,62	4,73	4,88	4,78	4,94	11,87	3,59	31,84	0,28	0,37	21,25	2,37	683,03	3689,97	267,37	1611,68	 	0,81	34,18	1,14	1,59	4,32	30,20	18,61	19,14	22,68	25,77	29,14	17,44	27,69	0,99	2,62	0,63	2,45	2009,54	-0,75	1,87	2,12
39	2	15	29,81	33,55	25,04	73,11	98,57	83,72	170,81	25,13	73,48	99,72	83,59	171,01	11,77	8,82	82,47	89,82	9,59	12,64	68,70	68,59	73,36	69,64	86,87	87,24	116,03	116,86	1,99	4,49	4,68	4,43	4,70	11,68	2,78	25,89	0,35	1,04	23,67	2,93	473,70	2514,80	231,02	1301,41	1,06	0,99	44,29	4,26	7,36	7,86	29,62	19,34	21,12	23,37	23,25	28,57	19,09	27,77	1,07	3,45	0,75	3,09	2009,45	-0,71	2,42	2,67
40	1	11	30,88	34,58	25,24	85,65	97,53	90,36	184,12	25,36	86,41	98,26	90,81	184,48	16,41	13,31	87,12	94,74	6,92	7,87	72,35	73,29	70,52	66,81	92,86	93,46	127,45	127,76	1,18	4,79	4,92	4,85	4,95	12,59	3,71	30,80	0,55	1,20	21,22	2,35	668,86	3613,53	277,55	1656,98	 	0,54	30,49	1,02	2,06	3,07	30,43	18,67	19,08	22,45	25,46	29,20	17,14	27,96	1,00	2,69	0,62	2,31	2009,55	-0,77	1,62	1,48
40	2	15	30,84	34,60	24,91	73,10	98,33	83,74	171,26	24,78	73,06	99,81	83,08	171,65	11,13	8,92	82,95	88,96	8,83	10,62	69,27	68,89	73,01	69,30	87,19	87,51	115,92	116,82	2,03	4,47	4,69	4,38	4,69	11,37	3,00	24,31	0,21	0,55	23,57	2,91	448,59	2399,18	241,23	1362,38	1,20	0,26	41,74	2,87	8,53	9,87	29,67	19,16	21,04	23,41	22,93	28,64	19,05	27,78	1,05	3,37	0,73	2,91	2009,50	-0,72	2,21	2,54
41	1	11	31,86	35,51	25,65	87,44	98,34	91,95	184,56	25,69	87,82	98,84	92,39	184,84	18,45	14,23	89,76	96,34	6,64	7,50	72,60	73,91	71,12	68,21	92,92	93,93	127,27	127,98	2,73	4,82	4,97	4,89	4,99	10,29	4,10	30,26	0,84	1,03	21,27	2,37	687,74	3682,59	253,90	1513,39	 	0,90	31,58	1,09	1,96	4,57	30,31	18,76	18,90	22,65	25,57	29,14	17,21	27,66	1,02	2,66	0,63	2,64	2009,51	-0,71	1,29	1,77
41	2	14	31,85	35,58	25,14	73,74	98,95	84,45	171,24	25,03	73,68	100,06	83,39	171,62	12,92	9,71	82,79	88,96	9,61	12,73	69,05	68,85	72,84	69,64	86,94	87,37	115,54	116,58	2,16	4,42	4,67	4,43	4,68	11,00	3,20	23,81	0,35	0,64	23,66	2,91	425,20	2238,43	216,39	1194,36	1,43	0,94	41,31	4,73	8,24	8,98	29,57	19,35	21,17	23,39	22,76	28,49	19,15	27,75	1,02	3,43	0,73	2,94	2009,52	-0,72	2,55	2,85
42	1	11	32,83	36,58	25,73	87,03	98,13	91,66	183,84	25,81	87,31	98,49	92,05	183,98	19,93	16,56	90,34	95,41	6,81	8,05	73,23	74,71	70,57	67,31	93,33	94,47	127,60	128,21	2,05	4,91	4,93	4,91	4,95	9,34	3,98	29,94	0,46	0,73	21,41	2,42	623,12	3341,25	264,53	1548,34	 	1,77	34,30	2,07	2,48	3,50	30,49	18,82	18,89	22,38	25,32	29,36	17,26	27,90	0,93	2,49	0,64	2,52	2009,47	-0,72	1,48	1,75
42	2	15	32,88	36,59	25,24	73,74	99,16	84,33	170,93	25,29	74,15	100,21	83,81	171,16	13,33	10,88	84,82	89,48	10,13	12,27	69,60	69,57	73,15	69,43	87,42	88,27	116,23	117,89	2,76	4,49	4,70	4,49	4,72	9,72	3,11	21,13	0,53	0,93	23,48	2,87	393,35	2099,20	217,56	1220,22	1,52	1,09	38,15	3,87	7,66	9,51	29,70	19,10	20,93	22,97	22,41	28,52	19,10	28,03	1,03	3,23	0,72	2,78	2009,54	-0,67	2,42	2,26
43	1	11	33,79	37,54	25,89	87,71	98,50	92,66	184,13	25,72	87,40	98,64	92,35	184,33	21,93	16,78	91,25	94,71	8,37	7,97	73,61	74,00	70,81	67,40	93,53	93,67	127,54	127,33	2,70	4,92	4,97	4,95	4,99	9,21	4,15	26,38	0,56	0,84	21,76	2,49	643,90	3452,26	240,56	1435,55	 	1,34	32,88	1,47	3,40	4,63	30,36	18,76	18,87	22,42	24,90	29,48	17,13	27,98	0,97	2,64	0,62	2,52	2009,40	-0,69	1,33	1,77
43	2	15	33,89	37,59	25,40	74,10	99,45	84,70	170,78	25,55	74,44	100,59	84,62	170,71	15,19	12,51	81,74	85,44	9,66	11,70	69,76	70,07	73,09	69,08	87,36	88,35	115,86	117,64	2,53	4,51	4,70	4,51	4,71	10,07	3,18	20,55	0,68	1,06	23,67	2,92	406,39	2129,63	234,01	1267,77	1,67	1,56	40,53	4,32	8,17	7,82	29,69	19,21	21,12	23,05	22,40	28,57	18,93	28,00	1,01	3,19	0,79	2,78	2009,49	-0,66	2,43	3,09
44	1	12	34,78	38,56	25,77	87,27	98,34	92,49	183,92	25,75	87,24	98,52	92,35	183,97	20,37	19,20	90,96	95,41	8,42	8,01	73,75	74,61	70,66	67,55	93,43	94,16	127,05	127,68	1,92	4,93	4,99	4,97	5,03	9,49	4,42	25,11	0,75	1,16	21,66	2,46	639,33	3392,05	237,16	1381,20	 	1,59	32,31	0,74	4,07	3,32	30,39	18,91	18,95	22,11	24,75	29,56	17,01	28,36	0,99	2,59	0,65	2,33	2009,45	-0,58	1,24	1,68
44	2	15	34,86	38,59	25,44	73,98	99,29	84,69	170,54	25,46	74,29	100,33	84,36	170,81	15,20	13,67	81,72	88,44	11,18	10,60	69,62	69,62	72,54	68,85	87,26	88,04	115,71	117,35	2,76	4,54	4,72	4,55	4,76	10,19	3,36	20,96	0,91	1,52	24,15	3,01	388,98	2060,91	242,07	1326,39	1,75	1,17	37,77	3,09	7,92	6,67	29,75	19,26	20,92	22,97	22,38	28,81	18,83	28,12	0,96	3,18	0,74	2,63	2009,50	-0,60	2,26	2,86
45	1	12	35,85	39,56	26,08	88,59	98,98	93,33	184,22	25,90	88,17	98,79	92,80	184,43	21,86	16,35	91,07	94,86	7,58	7,70	74,59	75,62	70,74	66,98	94,16	95,30	127,62	128,83	2,49	5,06	4,99	5,04	5,02	9,27	4,46	24,87	0,68	1,10	21,88	2,51	559,16	2983,00	235,67	1365,51	 	1,98	29,25	0,93	3,35	3,69	30,50	18,62	18,70	22,07	24,69	29,71	16,84	28,38	0,94	2,47	0,55	2,33	2009,42	-0,58	1,16	1,92
45	2	15	35,81	39,58	25,78	74,78	99,92	85,36	170,29	25,80	74,70	100,77	84,61	170,17	15,35	12,29	84,17	89,41	10,88	11,75	70,47	70,05	73,20	69,25	88,25	88,60	116,89	117,97	3,03	4,58	4,73	4,56	4,77	9,57	3,14	19,41	0,66	1,45	24,15	3,01	385,80	2038,63	232,65	1272,87	1,78	1,57	37,77	3,08	6,34	7,75	29,73	19,20	20,63	23,10	22,04	28,78	18,85	28,05	0,96	3,09	0,71	2,75	2009,42	-0,62	2,33	2,48
46	1	13	36,82	40,53	26,15	88,68	98,94	93,47	184,07	26,05	88,15	99,15	93,24	183,86	23,01	20,71	91,86	94,47	9,33	11,77	74,33	75,41	70,39	66,60	93,85	94,57	127,14	127,65	3,63	5,03	5,07	5,09	5,08	9,86	5,02	25,70	1,40	2,11	21,96	2,52	622,97	3313,90	221,04	1304,26	 	1,80	27,05	1,66	3,19	3,66	30,43	18,76	18,76	22,42	24,55	29,57	17,08	28,29	0,92	2,57	0,56	2,37	2009,47	-0,60	1,27	2,08
46	2	15	36,87	40,58	25,59	74,49	99,91	85,29	170,56	25,69	74,96	100,93	84,77	170,80	17,15	13,68	82,99	88,95	9,27	10,39	70,39	70,35	72,17	68,91	87,97	89,06	116,42	118,90	3,14	4,58	4,71	4,63	4,76	10,25	3,56	19,08	0,49	0,98	23,98	2,99	381,16	2016,95	221,91	1220,74	1,87	2,09	35,27	3,22	6,96	6,07	29,59	19,32	20,71	22,97	22,11	28,81	18,83	28,12	0,96	3,11	0,72	2,66	2009,48	-0,56	2,46	2,64
47	1	14	37,83	41,60	26,50	89,70	99,42	94,60	183,95	26,40	89,57	99,56	94,54	184,18	25,09	21,94	91,67	96,01	7,68	7,86	75,55	76,69	70,97	67,82	94,85	95,85	128,05	128,97	3,30	5,14	5,04	5,14	5,08	9,24	5,47	25,82	1,01	2,08	21,58	2,43	626,98	3342,33	219,28	1303,83	 	1,82	30,86	1,84	2,95	2,62	30,26	18,91	18,86	22,31	24,43	29,66	16,98	28,33	0,96	2,51	0,64	2,19	2009,44	-0,57	1,38	1,50
47	2	15	37,83	41,59	25,83	75,07	100,12	85,78	170,50	26,05	75,66	101,48	85,61	170,46	19,62	17,08	82,02	88,16	10,17	11,41	70,69	70,65	72,70	69,27	88,35	89,19	116,96	119,03	4,07	4,67	4,75	4,67	4,83	9,97	3,95	20,01	0,66	1,22	23,95	2,98	393,13	2065,95	227,29	1236,73	1,89	2,20	35,57	3,25	7,61	6,80	29,64	19,16	20,62	22,85	21,83	28,79	18,77	28,04	1,03	3,01	0,77	2,57	2009,43	-0,58	2,22	2,34
48	1	15	38,80	42,53	26,59	89,82	99,23	94,88	183,80	26,57	89,83	99,28	94,94	183,92	24,81	23,21	91,67	93,65	8,96	9,00	75,94	76,87	70,93	67,42	95,16	95,84	128,22	128,84	4,31	5,13	5,10	5,14	5,16	9,97	5,68	26,15	1,58	2,57	21,56	2,43	609,43	3237,23	225,07	1315,38	 	2,49	30,36	1,35	3,94	3,51	30,27	18,97	18,76	22,19	24,40	29,65	17,09	28,30	0,97	2,43	0,66	2,35	2009,42	-0,61	1,27	1,47
48	2	15	38,78	42,49	25,95	75,05	100,28	86,14	170,09	26,01	75,31	101,27	85,62	170,17	21,07	18,56	82,32	88,29	9,62	10,56	71,15	71,20	72,58	69,34	88,95	89,86	117,84	120,01	4,17	4,70	4,79	4,74	4,82	9,69	4,08	20,10	0,74	1,40	23,95	2,97	387,93	2041,57	233,29	1268,39	1,91	1,95	33,94	2,94	7,61	6,47	29,57	19,24	20,66	22,85	21,65	28,85	18,91	28,21	1,04	3,04	0,76	2,61	2009,44	-0,55	2,45	2,71
49	1	15	39,78	43,52	26,71	90,16	99,57	95,34	183,67	26,47	89,40	99,33	94,82	183,74	27,28	23,83	92,48	93,50	8,24	8,34	76,56	77,01	70,45	67,25	95,62	96,04	128,60	129,00	4,64	5,16	5,10	5,13	5,16	9,58	5,93	26,06	1,09	2,29	21,70	2,47	659,19	3484,24	236,40	1370,30	 	2,72	27,99	1,09	2,92	2,88	30,37	18,95	18,72	22,07	24,15	29,91	17,01	28,54	1,00	2,47	0,66	2,25	2009,47	-0,58	1,46	1,74
49	2	15	39,74	43,51	25,81	75,13	100,13	85,90	170,59	26,14	75,97	101,60	86,32	170,49	21,12	19,35	81,03	86,56	10,80	14,17	71,38	71,63	72,09	69,55	89,09	90,54	118,03	121,09	5,23	4,73	4,78	4,78	4,83	9,50	4,46	19,97	1,12	1,78	24,24	3,04	413,41	2176,50	242,65	1322,71	1,92	3,00	34,11	4,06	9,34	8,03	29,59	19,10	20,59	22,85	21,59	28,93	18,77	28,03	1,04	3,05	0,77	2,56	2009,40	-0,52	2,31	2,52
50	1	15	40,75	44,49	26,59	90,35	99,50	95,43	184,23	26,66	90,45	99,84	95,48	184,12	27,01	23,32	92,45	95,37	7,83	7,49	76,97	77,93	70,50	66,92	95,88	96,99	128,60	130,02	5,07	5,23	5,10	5,21	5,14	8,63	6,07	25,58	1,57	2,33	21,71	2,45	643,94	3419,22	229,56	1347,33	 	2,57	28,88	1,65	3,97	3,08	30,35	18,70	18,67	21,99	24,16	29,92	16,96	28,41	0,94	2,45	0,62	2,19	2009,40	-0,52	1,43	1,59
50	2	15	40,75	44,49	25,95	75,33	100,45	86,26	170,39	26,23	76,15	101,72	86,36	170,41	22,91	19,83	80,47	86,49	9,68	13,11	71,50	71,82	72,28	69,01	89,54	90,89	118,92	121,94	5,26	4,80	4,79	4,84	4,88	9,97	4,34	19,29	1,26	1,89	24,42	3,10	414,10	2167,04	243,42	1313,62	1,95	3,03	36,72	3,77	8,44	7,01	29,64	18,89	20,30	22,66	21,41	28,99	18,65	28,31	1,07	3,05	0,78	2,62	2009,41	-0,58	2,08	2,33
51	1	15	41,69	45,52	26,60	89,84	99,47	95,54	183,73	26,74	90,07	99,73	95,84	183,50	26,17	23,94	92,49	93,23	7,39	9,80	76,90	77,86	70,51	66,96	95,94	96,95	128,71	129,98	5,01	5,21	5,12	5,21	5,15	9,56	6,53	25,28	2,00	2,97	22,02	2,55	616,33	3275,76	246,53	1426,71	 	3,08	27,22	2,03	4,25	3,20	30,35	18,75	18,51	21,97	23,96	29,89	16,87	28,61	0,94	2,44	0,67	2,21	2009,33	-0,53	1,21	1,79
51	2	15	41,70	45,50	25,93	75,31	100,26	86,23	170,41	26,00	75,40	101,09	86,02	170,28	23,94	20,94	80,19	86,70	10,24	12,66	71,78	71,76	72,30	69,58	89,86	90,89	119,23	121,87	5,97	4,83	4,82	4,89	4,87	9,31	4,72	20,29	1,10	1,69	24,24	3,04	429,36	2234,85	242,89	1302,52	1,95	2,84	33,83	4,40	8,59	7,44	29,61	19,05	20,28	22,63	21,24	29,13	18,68	28,17	1,07	2,99	0,83	2,48	2009,38	-0,51	2,43	2,39
52	1	15	42,70	46,54	26,77	90,52	99,68	96,04	183,85	26,87	90,80	99,94	96,46	183,76	29,09	28,18	91,63	93,42	8,37	10,34	77,54	78,80	70,33	68,20	96,59	98,03	129,46	131,28	5,96	5,24	5,16	5,22	5,22	8,90	6,52	23,76	2,34	3,38	22,01	2,52	666,90	3533,32	255,56	1476,63	 	3,42	28,12	2,07	3,54	4,33	30,19	18,80	18,72	21,96	23,75	29,90	17,03	28,61	0,99	2,46	0,69	2,18	2009,33	-0,51	1,26	2,03
52	2	15	42,69	46,44	26,08	75,57	100,69	86,69	170,23	26,19	75,84	101,56	86,51	170,21	25,19	22,14	80,25	85,70	10,47	11,28	72,17	71,99	72,40	69,65	90,39	91,45	120,16	122,97	7,30	4,86	4,85	4,92	4,91	9,25	4,92	20,11	1,71	2,44	24,46	3,09	420,12	2190,29	249,03	1334,85	1,99	3,68	34,79	4,06	7,44	6,42	29,36	18,82	20,51	22,47	20,94	28,93	18,88	28,29	1,09	3,00	0,79	2,50	2009,34	-0,54	2,09	2,57
53	1	15	43,74	47,51	26,69	89,93	99,29	95,87	183,54	26,73	90,10	99,53	96,01	183,59	27,07	25,80	90,25	93,04	7,96	10,27	77,86	78,96	69,98	67,20	96,67	98,00	129,20	131,02	7,89	5,29	5,13	5,28	5,16	8,34	6,54	23,50	1,66	2,63	22,06	2,55	613,26	3275,12	252,08	1469,20	 	3,66	28,34	2,19	2,87	3,33	30,13	18,76	18,59	21,82	23,62	29,93	17,14	28,64	1,00	2,46	0,72	2,19	2009,37	-0,49	1,58	1,86
53	2	15	43,75	47,46	26,11	75,57	100,58	87,03	170,16	26,16	75,83	101,35	87,02	170,25	24,68	22,11	80,06	87,32	10,29	12,66	72,46	72,10	72,30	69,31	90,73	91,62	120,67	123,24	8,07	4,92	4,86	5,02	4,90	10,20	5,22	18,79	1,39	2,25	24,65	3,15	415,57	2163,85	248,11	1326,54	2,02	4,62	34,53	3,47	9,05	6,08	29,44	18,61	20,17	22,35	21,05	29,15	18,65	28,27	1,15	2,88	0,80	2,44	2009,39	-0,55	2,04	2,47
54	1	15	44,74	48,53	26,79	90,43	99,53	96,41	183,67	26,82	90,36	99,64	96,52	183,54	30,33	28,16	91,07	92,27	9,55	10,82	78,20	79,01	70,24	67,55	97,06	98,03	129,70	131,05	8,34	5,30	5,22	5,24	5,29	7,11	6,74	22,68	3,06	4,31	22,21	2,57	633,00	3339,45	245,30	1400,93	 	4,06	28,26	2,68	4,24	3,85	30,02	18,90	18,70	21,80	23,36	29,83	17,21	28,58	1,10	2,53	0,76	2,11	2009,39	-0,53	1,57	1,65
54	2	15	44,70	48,43	26,01	75,08	100,34	86,87	169,91	26,06	75,10	101,13	86,91	169,77	25,96	23,34	80,93	84,88	11,15	12,72	72,19	72,61	72,14	69,91	90,66	92,45	120,79	124,71	9,50	4,96	4,88	5,09	4,93	8,75	5,20	18,63	1,67	2,60	25,14	3,24	424,34	2205,26	256,47	1365,90	2,03	4,71	36,72	4,39	9,13	6,87	29,35	18,68	20,20	22,30	20,77	29,02	18,82	28,43	1,09	2,91	0,80	2,40	2009,39	-0,50	2,43	2,78
55	1	15	45,77	49,46	26,87	90,12	99,44	96,47	183,13	26,86	90,11	99,42	96,56	183,17	33,81	30,03	90,67	93,21	8,43	8,75	78,83	79,53	69,80	67,27	97,80	98,82	130,54	132,20	9,49	5,34	5,17	5,28	5,24	8,41	7,13	22,68	2,05	3,52	22,53	2,65	595,54	3196,08	260,62	1521,50	 	4,55	27,92	1,75	3,97	3,33	30,21	18,59	18,49	21,68	23,17	30,12	17,00	28,92	1,05	2,37	0,71	2,01	2009,39	-0,56	1,35	1,68
55	2	15	45,73	49,46	26,24	75,55	100,86	87,82	169,70	26,09	75,09	101,11	87,17	169,64	28,39	24,83	80,49	84,52	12,03	13,05	72,86	72,79	72,04	69,45	91,35	92,56	121,67	124,84	11,66	5,03	4,94	5,17	4,93	9,47	5,90	19,54	2,08	2,81	24,94	3,20	422,72	2178,01	254,72	1337,99	2,08	6,10	38,46	4,56	7,87	7,32	29,31	18,78	20,13	22,32	20,66	28,98	18,80	28,34	1,13	2,87	0,80	2,19	2009,38	-0,54	2,57	2,33
56	1	15	46,70	50,47	26,88	90,26	99,58	96,81	183,21	26,83	90,03	99,54	96,96	183,18	32,95	29,99	90,52	93,03	8,48	9,94	79,07	79,61	69,92	67,63	97,93	98,94	130,61	132,39	10,29	5,38	5,24	5,28	5,30	8,14	7,64	24,05	3,36	5,04	22,46	2,64	640,81	3364,31	261,75	1469,03	 	5,42	28,48	2,45	3,90	3,47	30,17	18,52	18,44	21,74	23,15	30,04	17,09	28,87	1,07	2,38	0,76	2,01	2009,39	-0,58	1,49	1,78
56	2	15	46,72	50,41	26,21	75,29	100,62	87,73	169,55	26,22	75,16	101,17	87,51	169,38	28,93	27,52	78,34	84,26	11,56	13,26	73,35	73,38	71,81	69,23	92,12	93,52	122,96	126,59	11,03	5,12	4,92	5,25	4,98	8,39	6,64	21,35	1,94	3,15	25,29	3,27	444,01	2291,95	252,10	1332,41	2,07	6,55	39,70	4,14	8,85	6,33	29,34	18,64	19,98	22,19	20,56	29,21	18,73	28,33	1,13	2,77	0,88	2,29	2009,36	-0,57	2,34	2,11
57	1	15	47,74	51,46	26,97	90,45	99,66	97,30	183,10	26,90	90,10	99,43	97,35	182,99	32,93	31,49	90,35	91,55	9,14	10,46	79,10	79,73	69,57	67,42	97,96	99,07	130,60	132,67	10,08	5,37	5,25	5,26	5,32	8,64	8,12	22,47	3,62	5,23	22,95	2,75	617,31	3281,43	262,95	1509,66	 	5,98	28,10	2,96	4,42	3,18	30,00	18,55	18,58	21,65	22,90	30,00	17,16	28,86	1,07	2,37	0,77	2,01	2009,38	-0,55	1,48	1,88
57	2	15	47,80	51,46	26,29	75,36	100,60	87,98	169,32	26,30	75,16	101,24	87,79	169,09	30,16	27,49	79,92	84,08	10,80	12,48	73,66	73,47	72,28	69,67	92,54	93,73	123,60	126,93	11,56	5,18	4,93	5,30	4,98	8,19	6,54	21,16	2,34	3,43	25,48	3,32	431,97	2225,86	253,22	1332,08	2,10	6,92	41,02	3,60	8,51	6,72	29,27	18,67	20,10	22,17	20,33	29,27	18,77	28,35	1,14	2,78	0,91	2,19	2009,48	-0,59	2,56	2,41
58	1	15	48,67	52,45	26,89	90,03	99,37	97,00	182,89	26,80	89,62	99,31	97,14	182,80	32,07	28,63	90,41	91,43	9,59	9,24	79,45	80,26	70,17	68,04	98,33	99,74	130,90	133,26	11,83	5,35	5,28	5,27	5,31	9,07	8,50	22,88	3,42	5,25	22,84	2,73	565,66	3008,48	249,06	1425,46	 	5,79	27,85	1,56	3,06	3,59	30,09	18,54	18,43	21,50	22,72	30,22	17,04	28,96	1,10	2,30	0,74	1,86	2009,36	-0,50	1,30	1,12
58	2	15	48,61	52,37	26,16	74,71	100,21	87,88	168,96	26,14	74,43	100,87	87,72	168,74	32,30	30,59	79,01	82,70	11,45	14,84	73,29	73,32	71,84	69,87	92,21	93,50	123,40	126,75	14,14	5,21	4,96	5,38	5,01	7,86	7,33	22,32	2,41	3,74	25,67	3,36	441,80	2272,01	251,07	1318,34	2,09	8,42	39,42	4,52	9,27	7,10	29,25	18,43	19,86	22,07	20,24	29,31	18,54	28,36	1,15	2,58	0,87	2,13	2009,34	-0,58	2,18	2,41
59	1	15	49,45	53,37	26,99	89,98	99,56	97,50	182,51	26,84	89,40	99,28	97,49	182,43	33,47	31,84	90,01	90,97	10,84	12,06	79,64	80,31	70,35	67,82	98,79	99,96	131,91	133,72	15,08	5,39	5,28	5,28	5,33	7,67	9,27	24,86	3,83	5,79	23,19	2,79	638,51	3354,99	269,19	1508,41	 	6,23	29,14	2,27	3,61	4,47	30,05	18,41	18,44	21,45	22,58	29,94	17,12	28,96	1,11	2,33	0,81	1,99	2009,27	-0,52	1,45	1,82
59	2	15	49,40	53,31	26,16	74,72	100,63	88,43	169,06	26,20	74,66	101,04	88,29	168,89	34,59	32,51	79,26	82,32	11,76	13,21	73,66	73,58	72,11	69,89	92,72	93,88	123,97	127,30	13,41	5,31	4,97	5,45	5,04	8,57	7,75	22,55	2,40	4,06	25,83	3,40	468,46	2388,11	257,74	1334,51	2,14	8,65	44,14	5,11	9,13	6,96	29,18	18,60	19,99	22,08	20,12	29,17	18,78	28,50	1,22	2,64	0,94	2,12	2009,26	-0,57	2,23	2,61
60	1	15	50,18	54,21	26,89	89,60	99,46	97,46	182,53	26,58	88,45	99,02	96,85	182,43	33,01	32,25	89,38	90,37	9,04	9,80	79,84	79,81	69,64	67,14	98,84	99,63	131,63	133,77	14,02	5,37	5,33	5,26	5,43	7,28	9,20	21,46	4,97	6,94	23,55	2,89	670,11	3514,61	260,54	1466,76	 	5,19	28,62	2,77	4,14	3,05	29,93	18,54	18,37	21,44	22,27	30,04	17,24	28,95	1,09	2,31	0,81	2,00	2009,08	-0,55	1,65	1,80
60	2	15	50,15	54,19	26,22	74,63	100,72	88,63	168,73	26,30	74,55	101,04	88,41	168,44	33,93	32,15	79,25	81,01	12,33	14,11	73,64	73,33	71,89	70,15	92,56	93,70	123,70	127,31	15,62	5,40	4,99	5,52	5,04	8,08	7,85	22,05	2,25	3,90	26,26	3,49	484,23	2472,42	269,38	1398,13	2,17	9,89	44,16	4,32	9,36	5,53	29,20	18,57	19,97	22,13	20,05	29,29	18,77	28,31	1,14	2,58	0,87	2,08	2009,12	-0,51	2,26	2,37
61	1	14	51,10	55,21	26,74	88,97	99,34	97,21	182,35	26,67	88,60	99,00	97,03	182,18	33,29	32,60	89,53	90,35	9,55	10,83	79,42	79,61	69,49	67,77	98,43	99,53	131,47	133,62	12,03	5,37	5,30	5,23	5,37	7,53	9,46	20,10	4,41	6,95	23,63	2,89	625,90	3276,92	269,72	1496,01	 	6,80	29,94	2,32	4,76	3,31	29,84	18,72	18,62	21,60	22,19	29,88	17,41	28,96	1,09	2,25	0,84	1,87	2008,89	-0,45	1,51	1,21
61	2	15	51,10	55,18	26,19	74,61	100,54	88,64	168,77	26,21	74,36	100,97	88,35	168,43	35,84	34,49	75,20	77,35	11,95	13,22	74,03	73,59	72,06	69,85	93,45	94,33	125,49	128,51	16,79	5,43	5,00	5,57	5,03	7,20	7,84	20,03	2,28	3,87	26,83	3,62	431,05	2201,67	264,78	1370,33	2,27	13,50	45,76	4,51	8,92	6,41	29,19	18,45	20,03	21,95	19,77	29,42	18,78	28,42	1,23	2,53	0,95	2,04	2008,89	-0,46	2,54	2,50
62	1	11	52,13	56,20	26,90	88,93	99,51	97,52	181,76	26,85	88,56	99,16	97,58	181,55	33,45	31,23	88,59	88,01	9,31	10,67	79,95	80,20	70,02	68,31	98,87	99,80	131,84	133,70	15,55	5,37	5,30	5,27	5,37	8,21	9,43	20,03	3,65	6,96	23,94	2,98	633,16	3353,33	274,49	1560,01	 	8,40	28,42	2,65	4,16	3,99	30,00	18,43	18,28	21,51	22,20	30,14	17,32	29,10	1,14	2,18	0,80	1,77	2008,66	-0,42	1,52	1,59
62	2	15	52,18	56,19	26,20	74,43	100,85	88,75	168,63	26,22	74,22	101,01	88,31	168,30	35,99	37,34	78,87	76,93	12,05	12,81	73,91	73,62	71,55	70,14	93,09	94,63	124,81	129,35	16,88	5,49	4,99	5,58	5,05	7,70	8,40	20,05	2,74	4,32	26,95	3,62	432,99	2211,76	265,72	1375,43	2,31	13,14	44,42	4,47	9,05	5,73	29,04	18,39	20,15	21,94	19,85	29,24	18,90	28,37	1,19	2,35	0,87	1,79	2008,75	-0,49	2,36	2,08
63	1	10	53,45	57,39	26,86	88,99	99,56	97,55	181,96	26,66	88,29	99,18	97,47	181,90	33,27	30,79	88,48	87,46	10,12	11,24	79,35	79,16	68,78	66,38	98,61	99,52	131,79	134,47	16,42	5,38	5,35	5,20	5,41	6,19	9,97	20,74	5,62	8,18	24,17	3,02	533,20	2785,36	274,04	1489,56	 	7,12	30,95	3,52	4,64	3,67	29,85	18,43	18,80	21,31	21,98	30,02	17,46	29,05	1,07	2,12	0,83	1,71	2008,95	-0,55	1,05	1,28
63	2	14	53,39	57,28	26,17	74,17	100,90	88,78	168,39	26,28	74,19	101,10	88,68	168,03	39,01	38,33	76,08	74,85	11,44	13,18	73,68	73,34	71,50	69,85	93,25	94,60	125,44	129,90	18,66	5,59	5,02	5,59	5,07	7,73	8,43	20,39	2,12	4,81	27,27	3,71	474,41	2390,58	294,85	1492,81	2,31	14,81	47,01	4,01	8,53	6,46	29,01	18,52	20,16	21,90	19,87	29,24	19,06	28,34	1,22	2,19	0,93	1,76	2009,00	-0,56	2,46	2,22
64	1	8	54,91	58,53	26,92	89,05	99,38	97,79	181,83	26,83	88,77	99,55	97,71	181,87	36,43	35,68	86,92	85,61	8,03	8,76	79,83	79,51	69,00	67,34	99,16	99,89	132,37	134,91	19,21	5,39	5,35	5,22	5,36	5,48	9,80	18,46	5,37	7,93	24,25	3,04	536,92	2828,89	260,97	1449,15	 	9,93	22,95	3,23	3,27	3,65	29,97	18,13	18,28	21,11	22,00	30,24	17,11	29,19	1,07	1,91	0,76	1,41	2009,43	-0,54	1,02	1,23
64	2	12	54,84	58,45	26,30	74,36	101,00	89,23	168,13	26,33	74,00	101,28	88,91	167,68	39,35	38,75	73,97	72,58	11,36	12,58	73,61	73,84	71,36	70,20	93,38	95,15	125,82	130,49	19,11	5,71	5,07	5,66	5,09	8,02	8,04	16,85	4,20	5,97	27,28	3,71	453,02	2283,80	293,65	1486,91	2,36	16,18	45,12	4,72	6,85	5,52	28,92	18,45	20,20	21,74	19,72	29,23	18,88	28,45	1,22	2,18	0,88	1,70	2009,45	-0,55	2,45	2,47
65	1	8	56,01	59,55	27,07	89,19	99,44	98,61	181,48	26,84	88,16	98,94	98,12	181,18	37,30	35,92	87,41	84,80	10,88	13,64	79,55	79,13	69,13	66,95	99,04	100,06	132,27	135,56	20,23	5,39	5,41	5,21	5,42	6,90	11,51	14,94	6,93	9,28	24,61	3,12	530,05	2814,40	279,37	1561,00	 	11,29	21,95	4,83	6,59	2,50	29,81	18,37	18,39	21,25	21,81	30,11	17,32	29,28	1,15	1,80	0,77	1,47	2009,49	-0,56	1,16	2,27
65	2	12	56,03	59,49	26,44	74,16	101,02	89,32	167,51	26,29	73,59	101,25	88,97	167,33	45,30	47,41	69,10	66,32	11,93	12,77	73,68	73,20	70,98	69,71	93,65	94,82	126,48	130,26	20,36	5,76	5,08	5,68	5,09	7,99	8,56	17,82	4,66	6,37	27,39	3,74	394,85	1998,72	283,42	1441,56	2,39	19,26	56,90	4,81	8,15	7,16	28,81	18,54	20,39	21,65	19,46	29,10	19,14	28,38	1,21	2,06	0,88	1,55	2009,66	-0,64	2,36	2,00
66	1	8	57,08	60,55	26,82	87,95	99,20	97,91	181,02	26,62	87,24	98,93	97,56	180,97	38,06	38,05	81,80	79,01	11,33	10,04	79,73	78,89	68,63	66,59	99,18	99,79	132,49	135,37	22,13	5,35	5,36	5,12	5,42	5,79	11,62	18,25	5,87	8,22	24,01	3,00	502,74	2630,27	277,48	1504,00	 	12,03	23,91	2,64	4,22	5,10	29,74	18,71	18,78	21,09	21,56	30,01	17,63	29,30	1,20	1,70	0,72	1,45	2009,60	-0,63	1,44	1,50
66	2	11	57,04	60,53	26,10	73,32	100,63	88,83	167,65	26,13	73,11	100,82	88,82	167,35	48,07	47,30	69,39	61,21	11,90	13,18	73,56	73,44	71,28	70,22	93,97	95,76	127,37	132,37	20,29	5,75	5,13	5,61	5,17	8,04	8,81	14,78	5,36	7,00	27,49	3,76	382,22	1919,73	278,07	1398,99	2,35	20,84	43,28	3,83	7,38	6,00	28,78	18,62	20,41	21,68	19,24	29,34	19,26	28,19	1,12	1,86	0,93	1,50	2009,61	-0,67	2,21	1,85
67	1	8	58,19	61,59	26,99	88,38	99,17	98,24	180,93	26,91	87,96	99,21	98,08	180,74	39,33	38,87	79,97	72,57	9,97	11,86	79,49	79,22	68,98	66,93	99,27	100,40	132,85	136,27	26,22	5,38	5,46	5,14	5,45	7,22	12,17	16,24	9,18	11,70	24,66	3,13	504,97	2658,37	294,68	1606,94	 	10,86	29,73	2,73	4,40	3,98	29,68	18,52	18,47	20,91	21,35	29,93	17,38	29,33	1,16	1,71	0,82	1,25	2009,60	-0,61	1,17	1,13
67	2	11	58,08	61,53	26,52	74,17	101,30	89,82	167,27	26,50	74,03	101,47	89,69	167,15	48,35	49,21	64,00	53,42	10,99	13,86	73,45	73,65	70,63	69,56	93,85	95,98	127,24	133,23	23,56	5,78	5,09	5,66	5,14	8,03	9,25	16,23	4,60	6,81	27,63	3,77	408,07	2080,70	290,17	1491,20	2,38	22,64	43,18	4,84	8,12	7,29	28,76	18,75	20,46	21,62	19,32	29,10	19,20	28,34	1,20	1,79	0,86	1,43	2009,57	-0,60	2,39	2,33
68	1	8	59,04	62,46	26,99	87,93	99,17	98,21	180,50	26,89	87,44	98,97	97,94	180,31	41,30	41,25	75,03	65,99	12,41	13,59	79,48	78,94	68,86	67,25	99,05	100,51	132,47	136,88	26,51	5,33	5,45	5,19	5,49	6,65	12,88	16,99	7,72	10,49	24,43	3,11	518,27	2717,87	300,51	1629,06	 	13,65	22,50	3,14	6,39	2,77	29,74	18,60	18,66	21,18	21,62	30,13	17,57	29,15	1,20	1,57	0,81	1,20	2009,60	-0,55	1,13	1,17
68	2	11	58,98	62,43	26,63	73,97	101,42	90,26	166,69	26,60	73,66	101,69	89,77	166,43	52,32	52,67	59,63	42,55	10,70	12,92	73,41	73,14	71,26	70,83	94,08	95,86	128,01	133,27	26,72	5,75	5,16	5,62	5,18	7,40	8,73	14,49	4,94	7,38	27,86	3,84	426,65	2175,64	305,03	1567,54	2,35	23,26	37,93	4,45	6,99	6,45	28,67	18,61	20,32	21,54	19,26	29,24	19,18	28,32	1,21	1,67	0,89	1,20	2009,52	-0,61	1,60	1,43
69	1	7	60,12	63,55	27,23	88,30	99,52	99,06	180,02	27,19	88,01	99,57	99,30	179,92	41,71	42,12	67,67	49,91	12,45	13,54	79,44	78,60	68,84	67,22	99,71	100,35	133,95	137,31	29,79	5,30	5,51	5,03	5,54	5,79	13,02	13,78	8,97	11,83	24,63	3,16	479,88	2508,22	308,67	1652,17	 	15,39	30,61	3,31	2,74	2,12	29,80	18,55	18,52	20,95	21,41	30,16	17,45	29,35	1,15	1,50	0,74	1,03	2009,67	-0,61	1,41	0,94
69	2	11	60,02	63,54	26,32	73,32	101,08	89,47	166,93	26,42	73,22	101,50	89,59	166,50	54,22	54,52	53,75	34,20	12,02	12,46	72,86	73,31	70,69	70,67	93,84	96,66	128,05	135,14	25,79	5,77	5,16	5,61	5,18	6,72	8,13	12,80	5,83	8,93	27,78	3,83	407,41	2035,63	309,82	1547,70	2,38	25,15	49,23	3,05	6,19	6,10	28,67	18,51	20,11	21,42	19,11	29,17	19,35	28,42	1,16	1,57	0,87	1,00	2009,64	-0,61	1,61	1,09
70	1	8	61,08	64,59	27,09	87,42	99,21	98,75	179,59	26,79	86,20	98,79	98,20	179,32	41,34	42,93	57,81	33,16	11,15	9,41	78,98	77,99	68,42	66,84	99,12	99,89	133,07	136,53	30,40	5,37	5,50	5,14	5,46	5,41	13,76	16,73	8,14	11,60	24,87	3,19	505,59	2604,09	324,19	1697,12	 	13,49	31,37	0,93	1,69	2,61	29,53	18,62	18,72	21,02	21,21	29,98	17,63	29,07	1,18	1,39	0,72	0,88	2009,61	-0,57	1,14	0,76
70	2	11	61,07	64,52	26,73	74,14	101,68	90,46	166,60	26,54	73,41	101,66	89,93	166,32	56,37	55,10	42,80	23,02	12,67	12,16	72,88	73,04	70,96	70,09	94,25	96,61	129,32	135,40	28,23	5,76	5,20	5,67	5,18	6,58	7,33	11,78	5,87	8,62	28,00	3,86	403,38	2013,89	336,27	1678,37	2,44	26,87	44,19	3,70	6,95	6,97	28,63	18,65	20,20	21,17	19,06	29,15	19,25	28,55	1,13	1,44	0,83	0,93	2009,64	-0,63	1,84	1,06
71	1	8	62,08	65,54	27,09	87,41	99,33	98,49	179,54	26,87	86,47	99,16	98,26	179,30	41,53	41,51	38,54	18,02	8,63	7,94	79,35	79,14	67,75	67,14	99,70	101,15	133,70	138,29	32,28	5,26	5,40	5,08	5,38	6,28	12,62	13,77	8,03	11,65	25,19	3,25	494,16	2551,73	353,37	1847,76	 	14,94	24,24	0,50	2,52	1,68	29,66	18,72	18,67	21,00	21,02	30,03	17,58	29,22	1,03	1,12	0,69	0,69	2009,67	-0,55	0,88	0,56
71	2	10	62,09	65,56	26,74	74,05	101,90	90,56	166,44	26,49	73,11	101,58	89,91	166,16	56,29	56,75	32,55	10,87	11,32	13,17	72,88	73,52	70,72	70,22	94,41	97,29	129,34	136,56	29,38	5,76	5,19	5,59	5,18	7,46	7,58	10,03	7,15	10,10	27,93	3,84	389,48	1973,57	326,84	1660,40	2,42	28,53	50,00	3,93	6,79	5,79	28,56	18,56	20,51	21,05	18,71	29,09	19,33	28,63	1,20	1,28	0,79	0,75	2009,62	-0,64	1,74	1,08
72	1	9	63,11	66,55	27,07	87,23	99,51	98,65	179,46	26,74	85,86	98,92	98,16	179,17	41,42	42,64	25,00	18,33	7,73	7,89	78,52	78,31	67,91	66,38	99,44	100,77	134,51	138,54	36,24	5,20	5,51	5,02	5,42	6,67	13,05	13,75	10,38	13,11	24,97	3,22	447,89	2327,03	357,15	1873,33	 	13,77	24,14	2,04	3,00	2,03	29,45	18,61	18,75	21,09	20,92	29,99	17,65	29,29	1,10	1,10	0,74	0,69	2009,65	-0,63	0,84	0,70
72	2	10	62,98	66,49	27,00	74,38	102,23	90,96	165,99	26,86	73,70	102,33	90,59	165,70	57,83	57,73	20,75	8,56	9,32	11,18	73,81	73,44	71,54	70,77	95,70	97,96	131,24	138,59	30,68	5,76	5,21	5,63	5,21	6,60	7,49	10,46	7,20	9,59	27,96	3,87	390,14	1980,34	338,47	1721,97	2,38	29,02	45,76	2,11	6,90	4,92	28,49	18,70	20,20	21,23	18,89	29,16	19,14	28,40	1,14	1,22	0,74	0,75	2009,59	-0,65	1,69	1,05
73	1	8	64,03	67,48	27,04	87,01	99,57	98,97	179,29	26,85	85,97	99,29	98,80	178,89	46,25	45,95	16,56	12,39	7,65	7,77	78,71	77,85	67,83	66,37	100,18	101,05	135,92	139,79	36,86	5,22	5,47	5,03	5,48	7,43	14,16	13,62	11,24	14,32	25,17	3,27	461,36	2419,75	358,59	1905,89	 	14,86	20,93	2,00	2,37	2,74	29,40	18,95	18,72	21,18	20,75	30,09	17,76	29,44	0,96	0,94	0,68	0,68	2009,63	-0,66	0,81	0,67
73	2	10	64,01	67,52	26,98	74,62	102,66	91,36	166,29	26,93	74,09	102,16	90,57	165,90	63,93	65,34	12,96	7,05	11,26	15,76	73,42	73,57	71,14	69,90	95,62	98,29	131,69	139,17	34,87	5,81	5,25	5,56	5,25	8,84	7,14	9,25	8,37	11,59	28,14	3,91	377,36	1894,91	334,64	1681,34	2,44	27,56	37,93	4,52	6,75	5,11	28,20	19,07	20,42	21,51	18,53	28,78	19,77	28,36	1,13	1,15	0,77	0,76	2009,60	-0,66	1,91	1,21
74	1	8	65,03	68,56	27,12	86,61	99,67	99,04	178,63	26,89	85,54	99,35	98,94	178,30	45,61	46,33	9,38	13,48	8,09	9,77	78,61	77,98	67,86	67,16	100,19	101,13	136,25	140,10	38,22	5,18	5,48	4,99	5,49	7,12	13,52	12,73	10,55	13,36	25,22	3,28	461,85	2401,90	382,59	2005,65	 	13,07	18,18	1,15	3,80	2,13	29,19	18,87	18,38	21,36	20,58	29,87	17,35	29,20	0,95	0,96	0,80	0,62	2009,60	-0,58	0,79	0,53
74	2	10	65,01	68,44	27,25	75,12	103,06	91,82	166,07	26,95	73,71	102,32	90,64	165,37	65,83	64,87	6,58	4,97	11,99	11,42	74,04	73,45	70,34	69,37	96,66	98,25	133,88	139,45	33,53	5,80	5,24	5,56	5,29	6,93	6,24	8,30	7,76	10,82	28,16	3,91	380,83	1926,13	351,15	1777,76	2,40	26,62	37,04	2,74	3,45	5,18	28,36	18,70	20,01	21,18	18,66	29,20	19,15	28,82	1,03	1,06	0,80	0,73	2009,63	-0,66	1,42	1,10
75	1	6	66,05	69,49	27,23	87,21	100,27	99,86	178,93	26,94	85,89	99,53	99,28	178,53	48,11	51,52	4,42	11,06	6,52	9,05	78,69	77,55	67,47	66,31	100,76	101,14	137,57	140,60	41,78	5,17	5,56	4,94	5,54	4,54	14,89	12,97	12,09	16,42	25,14	3,23	433,52	2230,20	357,75	1851,33	 	14,39	50,00	1,86	2,75	2,76	29,58	19,06	18,43	21,35	20,72	30,35	17,55	29,55	0,92	0,82	0,68	0,56	2009,59	-0,58	0,69	0,49
75	2	7	66,02	69,51	27,57	75,23	103,59	92,41	165,24	27,55	74,69	103,26	91,74	164,72	67,39	66,67	3,92	4,51	10,49	13,65	73,87	73,32	70,40	70,46	96,74	98,75	134,49	140,68	40,31	5,73	5,30	5,53	5,43	8,00	6,79	9,16	9,23	12,90	27,77	3,80	362,50	1826,61	338,90	1708,63	2,52	26,35	60,00	4,21	5,83	6,79	28,18	18,96	20,85	21,64	18,45	28,48	20,12	27,90	1,03	0,95	0,82	0,78	2009,64	-0,73	1,50	1,00
76	1	6	67,01	70,51	27,27	86,88	100,09	99,60	178,54	26,93	85,24	99,25	99,06	177,97	44,97	41,63	3,98	11,30	8,74	10,24	78,72	78,14	67,65	66,45	101,00	102,18	137,84	142,17	44,18	5,19	5,51	4,90	5,58	4,67	14,12	10,79	11,43	15,80	25,21	3,28	448,53	2321,13	368,27	1919,85	 	14,67	20,00	0,52	1,83	1,83	28,73	18,65	18,27	20,58	19,58	28,62	18,50	28,62	0,91	0,82	0,64	0,55	2009,58	-0,59	0,75	0,45
76	2	6	66,84	70,43	27,34	74,81	103,30	92,17	165,41	27,15	73,74	103,06	91,57	164,80	66,17	67,26	2,55	5,25	12,85	14,41	73,79	73,30	70,80	70,27	97,46	98,84	136,22	140,70	38,84	5,76	5,31	5,51	5,33	6,27	5,81	6,40	10,50	13,98	27,68	3,82	347,72	1741,66	336,93	1687,69	2,52	26,37	42,86	4,85	5,65	8,29	27,52	18,57	20,48	21,26	18,61	29,28	19,52	28,38	0,98	0,86	0,74	0,63	2009,45	-0,61	1,25	1,18
77	1	5	67,94	71,45	27,01	85,51	99,55	98,76	177,89	26,89	84,62	99,18	98,73	177,41	45,05	48,28	3,67	9,84	7,72	8,97	78,22	77,32	66,89	65,84	100,78	101,77	138,40	142,19	44,52	5,09	5,55	4,93	5,52	6,55	13,47	9,40	13,03	15,67	24,94	3,16	462,05	2411,35	413,25	2167,37	 	11,73	 	1,90	2,19	1,34	33,33	13,33	16,17	19,17	20,83	32,00	14,00	31,17	1,02	0,88	0,70	0,64	2009,49	-0,59	0,96	0,80
77	2	6	67,93	71,42	27,15	73,63	102,26	91,35	164,67	27,08	72,89	102,52	91,32	164,09	67,00	70,89	3,24	4,31	10,44	16,71	73,43	72,85	70,34	70,30	97,41	99,12	136,18	142,53	41,32	5,74	5,31	5,53	5,33	5,32	6,12	7,85	9,26	12,73	27,79	3,84	328,73	1639,41	311,15	1551,50	2,56	27,70	 	4,81	5,52	9,09	29,33	18,67	18,50	23,17	19,50	30,33	18,17	28,50	1,00	0,93	0,80	0,60	2009,52	-0,72	1,63	1,17
78	1	4	68,95	72,46	27,25	85,61	99,81	99,68	177,21	27,01	84,59	99,62	99,39	176,99	48,45	48,59	1,63	6,03	9,00	13,13	78,22	77,37	67,47	65,91	101,19	102,13	138,92	143,53	47,86	4,98	5,54	4,73	5,67	6,68	14,81	10,74	13,82	17,54	24,73	3,19	415,20	2135,48	346,39	1791,42	 	14,25	 	1,01	1,35	2,03	29,00	17,75	19,00	20,63	19,75	29,88	19,25	28,50	0,97	0,81	0,84	0,66	2009,49	-0,55	0,66	0,59
78	2	5	68,89	72,42	27,05	73,40	102,90	91,74	164,75	26,82	71,99	101,99	90,88	163,86	71,35	72,26	2,72	4,28	11,21	8,77	74,05	73,41	69,77	70,55	98,41	99,88	138,23	143,71	45,28	5,72	5,33	5,57	5,38	7,32	5,52	8,09	9,56	12,24	27,38	3,75	367,17	1857,12	349,47	1768,64	2,70	25,43	 	3,47	3,95	3,15	27,73	19,91	21,27	22,64	18,82	29,09	20,18	27,73	1,07	0,92	0,90	0,65	2009,43	-0,71	1,66	1,12
79	1	4	69,97	73,49	26,88	84,05	99,48	98,44	176,78	26,80	83,28	99,22	99,16	176,27	48,99	50,18	1,71	6,05	8,40	12,06	77,89	76,21	66,86	66,42	101,35	100,85	139,72	141,85	46,67	5,04	5,58	4,82	5,60	6,78	14,29	6,74	13,87	17,67	25,13	3,23	414,96	2163,89	370,79	1943,04	 	13,75	 	3,53	3,09	3,45	29,50	19,50	20,90	20,70	21,00	29,00	18,00	27,80	0,99	0,75	0,73	0,54	2009,54	-0,69	0,81	0,60
79	2	4	69,89	73,40	27,23	73,81	103,12	91,50	164,70	26,67	71,99	101,89	90,60	164,40	69,90	69,81	1,22	3,70	12,61	13,36	74,29	73,54	70,60	71,83	98,80	100,26	138,63	144,39	44,44	5,68	5,44	5,40	5,30	6,32	3,96	4,32	11,69	14,39	28,32	3,91	356,24	1818,43	342,02	1747,34	2,77	24,06	 	4,33	2,43	4,26	28,00	20,00	19,50	20,50	20,50	27,50	18,00	28,00	1,16	0,85	0,74	0,55	2009,58	-0,69	1,38	0,19
80	1	3	70,94	74,42	26,95	84,43	99,83	98,98	177,01	26,81	83,59	99,71	99,44	176,57	54,16	54,03	2,59	6,07	7,12	14,34	77,10	75,87	67,13	66,27	100,22	101,16	138,35	142,89	39,50	5,08	5,57	4,87	5,62	7,43	14,57	11,11	14,25	17,74	25,61	3,35	440,39	2224,91	375,08	1898,37	 	14,21	 	2,94	2,62	2,16	26,50	21,00	19,25	23,50	21,75	27,25	19,50	26,25	1,03	0,77	0,74	0,63	2009,46	-0,66	0,75	0,75
80	2	4	70,88	74,48	27,31	73,56	103,10	91,86	164,14	27,22	72,99	102,74	92,11	163,80	70,80	67,04	0,91	1,11	12,84	16,55	73,56	73,47	70,44	70,51	98,31	100,41	138,45	144,88	46,39	5,62	5,43	5,50	5,38	8,77	4,79	5,72	12,24	14,97	28,01	3,86	370,74	1846,87	357,21	1779,21	2,71	28,19	 	4,89	6,32	7,06	26,00	18,63	21,13	23,43	19,00	27,13	20,75	27,38	0,98	0,91	0,81	0,54	2009,46	-0,68	1,24	1,91
81	1	3	71,89	75,38	26,61	83,38	99,26	98,60	177,04	26,50	82,36	98,88	98,46	176,36	49,54	56,74	2,33	2,83	6,23	10,60	77,31	75,27	66,67	66,31	100,89	100,39	139,79	141,43	47,48	5,02	5,59	4,76	5,49	7,35	13,61	10,40	15,11	18,43	25,33	3,32	434,49	2174,22	390,25	1953,05	 	14,67	 	2,01	1,01	4,02	28,00	20,00	18,00	21,50	21,00	31,50	15,00	26,50	0,96	0,75	0,75	0,55	2009,37	-0,67	0,52	0,63
81	2	3	71,86	75,40	26,98	72,40	102,59	90,95	163,86	26,84	71,45	102,09	90,86	163,24	69,61	69,20	1,09	3,45	8,78	10,29	73,78	73,64	69,62	70,36	98,58	100,47	139,11	145,41	45,76	5,67	5,35	5,46	5,33	7,82	3,65	4,35	10,03	12,47	28,07	3,84	340,25	1736,67	337,72	1723,99	2,87	27,96	 	3,72	5,61	6,45	24,67	20,00	21,00	22,33	18,50	25,00	20,67	29,67	1,06	0,92	0,84	0,58	2009,39	-0,65	1,00	0,50
82	1	2	72,98	76,45	26,71	83,13	99,46	98,58	176,37	26,39	81,74	98,70	97,68	175,98	47,12	49,71	1,33	5,62	5,88	5,59	77,01	75,34	67,15	66,08	100,64	101,13	139,66	143,97	49,46	5,05	5,57	4,79	5,47	5,96	13,70	8,48	13,03	16,20	25,02	3,26	387,50	1987,41	344,88	1774,33	 	14,08	 	0,00	1,71	5,06	28,33	23,00	21,67	22,33	21,33	30,00	19,33	28,00	1,03	0,77	0,66	0,63	2009,41	-0,66	0,77	0,39
82	2	2	72,88	76,35	27,71	73,97	104,18	93,39	163,48	27,46	72,57	103,54	92,44	162,61	72,32	73,12	1,42	1,65	12,55	17,89	72,50	72,72	69,37	69,22	97,07	99,58	136,89	144,18	43,86	5,77	5,33	5,54	5,27	6,06	4,83	4,83	10,96	15,07	28,41	3,96	294,79	1503,37	293,35	1496,15	2,90	28,04	 	3,03	6,25	4,32	27,50	19,50	19,50	22,00	18,75	29,00	20,25	29,00	1,03	0,79	0,82	0,51	2009,41	-0,78	1,87	1,28
83	1	2	74,04	77,47	27,03	84,64	100,40	99,98	176,97	26,76	84,01	100,07	100,29	177,22	53,09	56,86	2,21	3,87	11,64	16,03	76,59	75,04	66,94	64,59	100,61	101,21	140,34	143,95	55,51	4,95	5,51	4,70	5,60	4,23	11,48	3,29	13,01	15,85	24,83	3,20	363,32	1859,92	341,19	1749,28	 	14,98	 	2,11	4,20	4,73	28,50	18,00	17,00	21,25	18,50	31,00	16,25	28,50	0,98	0,94	1,03	0,52	2009,50	-0,74	1,27	0,35
83	2	2	73,70	77,37	27,54	73,47	103,96	93,38	163,34	27,36	72,20	102,96	92,58	162,46	79,34	79,50	1,11	0,64	12,94	18,79	72,79	72,60	70,39	70,66	98,36	100,09	139,99	147,46	56,23	5,52	5,44	5,43	5,59	8,46	4,47	7,33	12,27	14,44	28,07	3,89	297,06	1488,36	290,06	1453,36	2,85	25,90	 	6,67	6,67	7,05	23,50	19,67	20,67	20,33	19,00	28,33	21,00	27,33	1,09	0,72	0,77	0,61	2009,36	-0,87	1,68	1,82
84	1	1	74,81	78,12	26,98	84,14	100,81	100,53	176,55	26,68	83,02	99,27	99,57	176,37	55,29	56,86	0,84	5,10	9,68	14,71	77,07	75,38	67,10	68,02	100,52	100,60	139,44	143,55	58,28	4,94	5,57	4,74	5,68	4,92	15,62	6,47	13,53	14,12	25,58	3,26	442,23	2226,92	422,95	2130,49	 	13,95	 	1,00	5,10	2,04	27,00	25,00	20,00	21,00	14,00	20,00	23,00	31,00	0,87	0,64	0,83	0,43	2009,26	-0,79	1,04	0,30
84	2	2	74,74	78,32	28,16	75,62	105,17	95,49	163,86	27,48	73,30	103,92	92,91	163,32	71,95	78,03	1,21	3,85	17,32	20,14	71,60	72,96	69,73	71,52	96,80	100,13	138,35	145,75	60,71	5,42	5,62	5,32	5,37	8,94	3,31	5,45	18,42	21,05	28,00	3,84	301,01	1490,63	298,33	1477,23	3,12	30,87	 	5,98	7,77	5,17	 	 	 	 	 	 	 	 	1,19	0,88	0,87	0,59	2009,28	-0,77	1,63	1,00
85	1	1	75,85	79,37	26,75	83,09	100,36	100,25	176,34	26,35	81,55	99,53	99,27	175,98	58,71	56,63	0,88	1,20	8,47	15,48	74,54	73,32	64,58	65,60	98,56	99,05	137,36	140,55	55,13	4,67	5,57	4,64	5,74	5,93	15,30	7,74	17,72	20,89	26,23	3,47	467,38	2329,44	443,70	2211,05	 	11,46	 	3,66	3,95	1,22	 	 	 	 	 	 	 	 	1,01	0,86	0,91	0,54	2009,50	-0,74	1,07	1,16
85	2	1	76,05	79,44	27,42	72,83	104,52	92,67	162,94	27,51	72,72	103,78	92,50	162,39	69,90	72,50	2,50	1,19	13,08	20,22	72,41	72,58	69,96	70,23	97,84	101,26	138,98	149,38	57,89	5,55	5,37	5,42	5,64	9,30	3,51	3,66	16,92	17,95	27,73	3,81	328,89	1606,84	322,50	1574,88	3,23	25,89	 	5,95	11,84	6,02	 	 	 	 	 	 	 	 	1,15	0,83	0,88	0,69	2009,42	-0,79	0,97	2,12
86	1	1	77,01	80,42	26,90	83,88	101,03	100,63	176,54	26,47	81,51	99,40	99,67	175,42	48,80	47,14	2,11	1,41	8,08	13,89	75,26	75,23	66,37	66,11	98,64	100,21	136,28	141,87	57,94	4,83	5,73	4,49	5,61	5,10	16,95	8,00	19,53	21,88	25,12	3,25	403,15	2047,32	352,56	1794,35	 	13,39	 	3,13	3,08	0,00	 	 	 	 	 	 	 	 	0,90	0,61	0,82	0,44	2009,38	-0,56	0,87	0,99
86	2	1	76,83	80,35	27,65	73,38	104,19	93,81	162,96	27,11	70,95	103,02	91,44	161,89	77,48	85,00	0,00	0,00	20,87	19,10	72,39	72,40	69,20	71,07	98,09	99,88	140,38	146,40	60,90	5,42	5,80	5,32	5,62	6,09	2,62	2,65	20,25	23,42	27,28	3,76	283,69	1442,52	277,80	1413,08	3,22	22,29	 	1,18	9,33	15,29	35,00	12,00	30,00	13,00	13,00	35,00	21,00	39,00	1,04	0,59	0,74	0,57	2009,40	-0,84	1,20	0,60
87	1	1	77,96	81,34	26,79	82,78	99,92	100,00	175,80	26,47	80,78	99,89	99,82	174,64	52,42	48,21	2,41	1,75	8,79	12,28	75,99	76,36	67,75	67,58	99,71	101,91	138,50	144,86	53,78	4,87	5,64	4,58	5,73	13,19	16,54	5,65	17,74	21,77	25,05	3,18	359,86	1826,48	317,27	1613,52	 	8,80	 	3,33	3,64	4,92	30,00	20,00	16,00	24,00	22,00	31,00	14,00	28,00	0,93	0,57	0,98	0,40	2009,36	-0,72	0,00	0,00
87	2	1	77,79	81,22	28,20	74,49	105,03	96,09	162,55	27,42	71,96	103,90	92,86	161,97	75,89	78,67	1,14	1,45	11,88	24,36	73,39	73,65	70,04	72,07	99,48	100,73	142,29	145,75	62,04	5,57	5,44	5,53	5,60	10,89	4,09	9,22	12,14	15,00	27,17	3,74	289,05	1448,63	287,79	1442,32	3,40	33,57	 	4,69	10,00	6,15	30,00	19,00	20,00	23,00	23,00	33,00	16,00	29,00	1,37	0,97	0,76	0,42	2009,36	-0,87	1,77	0,00
88	1	1	78,90	82,35	26,73	81,69	100,15	100,11	174,79	26,70	82,16	100,63	100,65	175,38	58,51	74,42	0,00	0,00	3,03	7,14	75,28	74,58	66,98	67,02	100,25	101,10	141,21	146,16	53,68	4,99	5,63	4,80	6,07	7,69	14,95	4,30	17,89	21,05	25,77	3,45	332,75	1702,00	328,75	1682,00	 	11,46	 	0,00	2,27	0,00	27,00	19,00	14,00	21,00	18,00	28,00	21,00	30,00	1,08	0,49	0,89	0,37	2009,21	-0,78	0,60	0,00
88	2	1	79,09	82,39	26,92	70,75	103,70	92,11	162,08	27,00	69,73	102,28	91,64	160,57	70,83	73,91	0,00	0,00	8,82	17,02	75,52	74,04	70,66	70,98	101,25	101,92	142,82	149,79	57,29	5,57	5,40	5,39	5,11	1,47	3,66	6,38	11,22	13,27	27,12	3,75	317,69	1597,00	290,08	1458,92	3,20	37,50	 	9,52	2,63	4,88	 	 	 	 	 	 	 	 	1,17	0,98	0,97	0,50	2009,52	-0,95	0,41	1,79
89	1	1	79,85	83,29	26,97	84,28	101,49	101,35	176,82	26,69	83,57	100,28	99,60	177,01	53,75	51,52	0,00	5,56	5,17	13,89	75,43	73,82	67,30	68,06	100,82	101,24	143,42	146,24	61,54	4,85	5,59	4,77	5,44	3,45	17,09	6,25	20,25	21,52	24,16	3,04	462,81	2418,02	445,13	2329,62	 	14,81	 	3,03	0,00	0,00	 	 	 	 	 	 	 	 	0,96	0,47	0,61	0,29	2009,41	-0,62	0,48	0,00
89	2	1	79,79	83,08	27,05	71,30	104,24	93,77	162,38	27,69	72,53	105,80	94,46	161,93	69,51	80,65	2,13	0,00	13,46	33,33	73,37	72,74	69,00	70,53	100,00	101,32	143,47	149,00	58,23	5,38	5,59	5,48	5,34	5,77	2,25	3,80	13,41	14,63	26,92	3,67	233,37	1190,10	230,92	1177,86	3,67	25,61	 	13,79	15,38	19,35	 	 	 	 	 	 	 	 	0,98	1,15	0,83	1,21	2009,19	-0,80	1,85	2,38
90	1	1	80,72	84,52	26,64	80,50	100,23	100,04	173,85	26,58	80,08	101,61	101,80	173,52	47,69	54,84	2,00	0,00	11,32	20,69	75,40	75,33	66,59	65,85	101,15	103,03	143,16	148,73	71,64	4,79	5,64	4,81	5,63	5,66	14,31	3,03	15,94	20,29	25,17	3,17	308,80	1523,15	293,15	1444,89	 	13,43	 	3,57	3,57	0,00	 	 	 	 	 	 	 	 	1,14	0,56	1,11	0,52	2009,36	-0,51	0,00	0,00
90	2	1	80,62	84,39	28,88	74,22	106,88	97,68	160,22	27,75	70,56	104,85	93,35	159,50	78,95	88,89	0,00	0,00	14,29	33,33	70,97	73,19	71,77	71,65	96,73	100,55	138,63	145,87	70,00	5,55	5,45	5,57	5,39	8,57	4,35	1,72	11,86	15,25	27,88	3,85	198,13	948,59	198,13	948,59	3,27	18,33	 	4,35	9,52	9,52	 	 	 	 	 	 	 	 	1,50	0,84	0,96	0,83	2008,93	-0,79	0,75	0,00
